1,-0.0891312739054153,0.0076885567120473,0.221319765525905,-0.151684823433239,0.0133868857354092,0.0845109049591327,0.106308852324738,0.301380126454835,0.180889032056979,0.0800964957247989,0.233478685523548,0.204203884183587,0.114634632014782,0.0591955640355989,-0.0466969100708537,0.136848907161233,0.179113050282781,0.220514646092679,-0.0386779756035824,0.247767419041544,0.122151318654147,-0.0163633747808703,0.149934296780503,0.00971762349158913,0.127261650272222,0.289227510319122,0.296871914304566,0.256517000236523,0.232193142685415,0.188669280509339,-0.119436366819478,-0.0470136393704767,0.120926761511251,0.084620038572053,0.0648605678138122,0.451775129981847,-0.154400217898315,0.125604987435913,0.244984489087115
-0.0891312739054153,1,0.233947771291467,0.0200950510298146,0.110598306408118,0.264882860042199,0.00628168252530093,-0.0544565957801604,-0.172513977462849,-0.0080348777807857,0.217752840666833,0.0747475364930069,0.0863812706969774,0.0414214510343335,-0.0157535390727529,0.117490730212259,0.0589794376937339,-0.249483519192924,-0.14226487984229,0.276761609112117,-0.0440744844135076,0.0283111875368934,0.0506995800967727,0.0670196379330436,-0.0681121435614901,0.267000647099542,0.1526852436971,0.0464495374151713,0.114313299228829,0.226551584802714,0.0237058540925669,0.121174112815754,0.103199503246644,0.067237870041199,0.275021682329535,0.038857195767304,-0.0647567834664694,-0.0660770120171097,0.14115328037714,-0.0722656237655794
0.0076885567120473,0.233947771291467,1,0.0642390706095041,0.213661708945038,0.109938106728075,0.291095421821678,0.158032961708381,0.217060786701592,0.341724181574045,0.0654323083753716,0.274667503053645,0.140905629452787,-0.00374132535479022,0.400183571224372,0.165920439828622,0.296995260998471,-0.101002690155197,0.181286919645165,0.278122563428895,-0.135779488438669,0.24940951671134,0.380464858949543,0.0558520745928889,0.409410025443494,0.225195068663993,0.318518580772108,0.16230637652648,0.125351713130788,0.223110751359637,0.310911755250434,0.110964850124981,-0.179732208706893,-0.0407182411150218,0.423941970440746,0.300401542774652,0.144991377795835,0.0161360094599645,0.380140654454036,0.272809127583271
0.221319765525905,0.0200950510298146,0.0642390706095041,1,0.144986585866152,0.393824194135179,0.549207270703602,0.40463648395801,0.344185338872021,0.297303865028721,0.224444891174017,0.288303877005305,0.320969907634215,0.419528961168906,0.0505771693224113,0.2209916046289,0.356337797093087,0.297656253358148,0.29251454327198,0.41999592943338,0.373595796144272,0.1535757634432,0.223567576066352,0.254568520758695,0.176897968977978,0.183770146506993,0.390377638959241,0.543776284265692,0.381113971395045,0.174702667515249,-0.0134041203502619,0.267222179094504,0.0211221598236883,0.201801625087767,0.314799602794277,0.304369259910633,0.180159167119554,0.205101796737625,0.251656779000714,0.155739405584429
-0.151684823433239,0.110598306408118,0.213661708945038,0.144986585866152,1,0.217789494829058,0.171185939570354,0.0181530044788228,0.00566566964541617,0.0574867802700285,0.142787018949317,0.0807067467619028,0.204191312773417,0.193726381279432,0.229062192164133,0.101109520251585,0.222794644442672,0.319751867702006,0.228139271922136,0.259381977462616,0.104008140639763,-0.10569699917643,0.170077212648922,0.155819225291371,0.177851072632353,-0.0206711696423489,0.183187208794083,0.0329786526459226,0.13066402861575,0.202197992155545,-0.0412223039661684,0.190831634083075,-0.162243116194126,0.13291797929879,0.250008925451585,0.0199061024081595,-0.106889146150783,0.0998042046992211,0.12987820501169,-0.129453701736939
0.0133868857354092,0.264882860042199,0.109938106728075,0.393824194135179,0.217789494829058,1,0.441793979923581,0.334764014765247,0.181675857366,0.134796079687835,0.318552898979934,0.129458163561258,-0.000861973325721634,0.296354255075549,0.0694690062508629,0.386391014351927,0.153803640686474,0.0999406390060101,0.280165787186091,0.514652647415648,0.137946845415938,0.0846223112835847,0.218735761201246,0.236988033352032,0.21689893384776,0.39167684276159,0.326207394645041,0.370109295385023,0.507295970270674,0.366860399036484,-0.044551455192751,0.399523132016988,0.0701380732103134,0.330121498580555,0.477721696652431,0.237087805516917,0.291768390574707,0.0570344527405892,0.265896739675769,-0.0497024356555672
0.0845109049591327,0.00628168252530093,0.291095421821678,0.549207270703602,0.171185939570354,0.441793979923581,1,0.390975092520446,0.36506880148916,0.2266761173512,0.215862777101568,0.293886342632574,0.215496148592907,0.410667345274097,0.104622052671104,0.216988518765745,0.299378284123707,0.27967532070174,0.303558182105046,0.421242408258308,0.129577379228023,0.378376070069635,0.170806345665262,0.202804367321248,0.265440011635285,0.478486060355892,0.464821051487501,0.337838167493076,0.228277805975072,0.197518721321989,-0.10871560508568,0.542716538453165,-0.0478249874674555,0.0939202852689299,0.383411702658864,0.288347950658961,0.179822641951995,0.272699821880698,0.212117331015833,0.335380311182331
0.106308852324738,-0.0544565957801604,0.158032961708381,0.40463648395801,0.0181530044788228,0.334764014765247,0.390975092520446,1,0.384527592838455,0.293805084581506,0.0661827941091311,0.388236400694644,0.257115681411465,0.31474981505748,0.25263467593337,0.158016175836666,0.178346477635724,0.171160140585672,0.293899909026923,0.28335699892462,0.0164157816694169,0.157398427348329,0.227868445359259,0.238713432210533,0.284855368516887,0.264078090036008,0.161426648588662,0.327475107049927,0.398764724483238,0.17390246756353,0.128869518229816,0.184499330705986,-0.0235583995759509,0.0647438989081221,0.26557565790552,0.164857070444332,0.208343733583251,0.126478614143335,0.167573632694372,0.227614736205119
0.301380126454835,-0.172513977462849,0.217060786701592,0.344185338872021,0.00566566964541617,0.181675857366,0.36506880148916,0.384527592838455,1,0.176567614150264,0.142534739830223,0.354377641781171,0.242056635133392,0.249095579312579,0.119194608132356,0.226843788238933,0.239626253305406,0.106676636207412,0.190922869005734,0.320306901218887,0.117805192507525,0.198078417170281,0.301940498258429,0.252827361213924,0.34909097502207,0.225997127470283,0.354874119161918,0.198449159601082,0.230634028642866,0.371295951343656,-0.00108651068809034,0.200234088904595,-0.125674760904423,0.0322975289233006,0.304733313426576,0.166815712707162,0.308958656820632,-0.17615017019834,0.165164151494684,0.270749489705878
0.180889032056979,-0.0080348777807857,0.341724181574045,0.297303865028721,0.0574867802700285,0.134796079687835,0.2266761173512,0.293805084581506,0.176567614150264,1,0.0567592373207744,0.39900364249337,0.272579563136895,0.118527657804253,0.316106676453816,-0.0397949165562324,0.187094475850255,0.178591245632764,0.190051550540258,0.0919770908993196,-0.00327912521021075,0.0739300529194004,0.231294137505774,0.219556735793182,0.189989537075216,0.123134938117784,0.275260139207117,0.329687436800785,0.309897761848851,0.319198238443427,0.310693025519673,-0.0659128041919537,-0.0588151682161381,0.140058245934668,0.128507116401953,0.283651327792943,0.208331758257418,0.116196415685918,0.216272938788151,0.236166214628836
0.0800964957247989,0.217752840666833,0.0654323083753716,0.224444891174017,0.142787018949317,0.318552898979934,0.215862777101568,0.0661827941091311,0.142534739830223,0.0567592373207744,1,0.187232438982271,0.0520237597171335,0.296640217294182,0.149664190504634,0.235354008917659,0.349348321593855,0.152282265779094,0.122157323482006,0.445033638954624,0.307434307645787,0.23819402044184,0.171411701382454,0.192495690408427,-0.0140675057004181,0.419745182318,0.386568433577417,0.371344838576776,0.322019713415117,0.162356133460257,0.144949320766951,0.505646564988875,-0.0816064646494989,0.250961723872123,0.370626692994664,0.136759146445449,0.254225493660151,0.0086176185075635,0.341348872556411,0.116044265782034
0.233478685523548,0.0747475364930069,0.274667503053645,0.288303877005305,0.0807067467619028,0.129458163561258,0.293886342632574,0.388236400694644,0.354377641781171,0.39900364249337,0.187232438982271,1,0.354229016688508,0.271107916664883,0.141118707323793,0.0575221015912723,0.367422082117985,0.114064562187023,0.200009113237011,0.298072927005276,0.0164618955368761,0.154086969285789,0.213781105804453,0.157714779632586,0.248032851176506,0.202971674827039,0.296304238276845,0.398341196958524,0.400127775036173,0.190371819768361,0.175236795674947,0.176873445073571,-0.0591756618674442,0.055352295432238,0.25433293142565,0.292260511653227,0.311078160088698,0.145782144096463,0.286678183065851,0.411157839335708
0.204203884183587,0.0863812706969774,0.140905629452787,0.320969907634215,0.204191312773417,-0.000861973325721634,0.215496148592907,0.257115681411465,0.242056635133392,0.272579563136895,0.0520237597171335,0.354229016688508,1,0.176150463506112,0.318105134565354,0.0350544746974743,0.351260284865749,0.167876214618205,0.323425973284413,0.112813844164848,0.102052594709724,0.19323965650885,0.295602473991172,0.249438097143175,0.160618542868353,0.0746689936337338,0.364722271830132,0.28162009990138,0.227418947305492,0.172612508353756,0.136299304246339,-0.0172364343374363,-0.160641542114217,0.0539277243657397,0.332546747956464,0.159814678854139,0.172637530946524,-0.0452656815073066,0.269801009468092,0.256116125219823
0.114634632014782,0.0414214510343335,-0.00374132535479022,0.419528961168906,0.193726381279432,0.296354255075549,0.410667345274097,0.31474981505748,0.249095579312579,0.118527657804253,0.296640217294182,0.271107916664883,0.176150463506112,1,-0.00228666995659723,0.22352175128016,0.236659727200284,0.312427575168961,0.417999251860553,0.520399160719113,0.32470931121714,0.320736800809015,0.158187135972101,0.219972729156697,0.306103600028895,0.238899007963874,0.343474820061314,0.267988503782261,0.367040333643497,0.0369099619969625,-0.00677319426858112,0.146339651352807,0.129257517097384,0.198390510766147,0.300659159825229,0.191901480176387,0.145769955788259,0.148561606088954,0.385348266811589,0.168803114090265
0.0591955640355989,-0.0157535390727529,0.400183571224372,0.0505771693224113,0.229062192164133,0.0694690062508629,0.104622052671104,0.25263467593337,0.119194608132356,0.316106676453816,0.149664190504634,0.141118707323793,0.318105134565354,-0.00228666995659723,1,0.0942501585018127,0.367685428972928,0.0966855917600895,0.209225975545082,0.105889670990553,-0.115867983002199,0.166644201527857,0.265900895282376,0.215855759723769,0.195259708127691,0.17627070212738,0.113079810931462,0.257631269565573,0.194799657130095,0.194020143594631,0.327749742495117,0.129571162804537,-0.1469251459298,-0.0818368185364304,0.18760594404136,0.206841588452914,0.31998187946352,0.129024887394803,0.306496426541314,0.262412696098605
-0.0466969100708537,0.117490730212259,0.165920439828622,0.2209916046289,0.101109520251585,0.386391014351927,0.216988518765745,0.158016175836666,0.226843788238933,-0.0397949165562324,0.235354008917659,0.0575221015912723,0.0350544746974743,0.22352175128016,0.0942501585018127,1,0.170211195625389,0.0853493399102908,0.389646771570284,0.399456987647677,0.338358138893164,0.0849750504439884,0.133503862982332,0.253772586098003,0.138812195723231,0.247069761993608,0.210432703599945,0.227967223676303,0.22496073217725,0.14302161260987,0.0301366546082009,0.260608227212136,0.0726152773773378,0.131177925059254,0.496978733321782,0.213651352533861,0.190025334099265,0.0948983147517516,0.338939367727889,-0.088119650153719
0.136848907161233,0.0589794376937339,0.296995260998471,0.356337797093087,0.222794644442672,0.153803640686474,0.299378284123707,0.178346477635724,0.239626253305406,0.187094475850255,0.349348321593855,0.367422082117985,0.351260284865749,0.236659727200284,0.367685428972928,0.170211195625389,1,0.309716723781557,0.381156138113351,0.390727943270333,0.227693792089761,0.224251300508872,0.230722246243063,0.309545720756706,0.19409331477207,0.283709067253863,0.459990956132225,0.580741018267325,0.323356736664779,0.239139232279001,0.205411245534579,0.358853208277643,-0.131860184145389,0.0804134393065686,0.386647167300206,0.405539233795615,0.0120387337590331,0.199455880413373,0.362975035336512,0.370359023121447
0.179113050282781,-0.249483519192924,-0.101002690155197,0.297656253358148,0.319751867702006,0.0999406390060101,0.27967532070174,0.171160140585672,0.106676636207412,0.178591245632764,0.152282265779094,0.114064562187023,0.167876214618205,0.312427575168961,0.0966855917600895,0.0853493399102908,0.309716723781557,1,0.304352758281719,0.0979900045220274,0.126532155125601,-0.0706422620413668,0.0320923128874995,0.0950595476044459,0.148978913113016,-0.0520362770457331,0.13162402147314,0.15426820788111,0.196842846184336,0.134519833981077,-0.0135511623648915,0.171755864063858,-0.252439883484566,-0.0503001128490261,0.161286273407374,0.17170560365874,0.00929341022386965,0.114301120703219,0.201160573104141,0.125354120399291
0.220514646092679,-0.14226487984229,0.181286919645165,0.29251454327198,0.228139271922136,0.280165787186091,0.303558182105046,0.293899909026923,0.190922869005734,0.190051550540258,0.122157323482006,0.200009113237011,0.323425973284413,0.417999251860553,0.209225975545082,0.389646771570284,0.381156138113351,0.304352758281719,1,0.372186746690125,0.257258682246024,0.258055399684364,0.283526478865123,0.287362091895633,0.244812226670072,0.250781669815218,0.250619852388967,0.309861874161704,0.363173385129671,0.229247704057129,0.257608596446801,0.0950668068876833,-0.0519357711425558,0.238418197090878,0.445340738457716,0.305204391610001,0.247702423088295,0.204728984937661,0.241711753192629,0.0741442332110936
-0.0386779756035824,0.276761609112117,0.278122563428895,0.41999592943338,0.259381977462616,0.514652647415648,0.421242408258308,0.28335699892462,0.320306901218887,0.0919770908993196,0.445033638954624,0.298072927005276,0.112813844164848,0.520399160719113,0.105889670990553,0.399456987647677,0.390727943270333,0.0979900045220274,0.372186746690125,1,0.0771844749888892,0.264973505204389,0.359241464073357,0.208819943636425,0.1402703746341,0.446764803360616,0.4866251952095,0.341705900487713,0.308808494720956,0.191340037282424,-0.00447184743203791,0.446862256516335,-0.00231399432190282,0.224975220920727,0.588191819013828,0.379667287389571,0.256652347834646,0.137234339239672,0.294751527437981,0.0546633207850402
0.247767419041544,-0.0440744844135076,-0.135779488438669,0.373595796144272,0.104008140639763,0.137946845415938,0.129577379228023,0.0164157816694169,0.117805192507525,-0.00327912521021075,0.307434307645787,0.0164618955368761,0.102052594709724,0.32470931121714,-0.115867983002199,0.338358138893164,0.227693792089761,0.126532155125601,0.257258682246024,0.0771844749888892,1,0.167997043601398,-0.0530150006580976,0.275840521464678,0.079617817945466,0.0952555693294638,0.258618356513699,0.253005022443664,0.345301430299001,0.162265866919201,-0.0406158336933351,0.0342932319889469,0.228897330524576,0.173205423883984,0.156230275565391,0.115036015090579,0.0574511617414612,0.100115281426926,0.261092897242182,0.0164771324069546
0.122151318654147,0.0283111875368934,0.24940951671134,0.1535757634432,-0.10569699917643,0.0846223112835847,0.378376070069635,0.157398427348329,0.198078417170281,0.0739300529194004,0.23819402044184,0.154086969285789,0.19323965650885,0.320736800809015,0.166644201527857,0.0849750504439884,0.224251300508872,-0.0706422620413668,0.258055399684364,0.264973505204389,0.167997043601398,1,0.160611432823982,0.208508965978291,0.189385175798608,0.60692375238023,0.436737624057753,0.300233630024565,0.127671718431823,0.0578121840608416,0.120557894367037,0.144122734274507,0.214428185656963,0.300022452726154,0.306390483323619,0.0924877268919564,0.25607198201736,0.147581583307112,0.143704590765942,0.343491050267508
-0.0163633747808703,0.0506995800967727,0.380464858949543,0.223567576066352,0.170077212648922,0.218735761201246,0.170806345665262,0.227868445359259,0.301940498258429,0.231294137505774,0.171411701382454,0.213781105804453,0.295602473991172,0.158187135972101,0.265900895282376,0.133503862982332,0.230722246243063,0.0320923128874995,0.283526478865123,0.359241464073357,-0.0530150006580976,0.160611432823982,1,0.15616803628403,0.30334179215513,0.094573517390363,0.261592450399476,0.14806957974137,0.185662661865605,0.103344351689273,0.0448908503178136,0.0670300323286262,-0.039073410439501,0.162702231447797,0.336505660903547,0.378642416070669,0.280551458363205,0.0967761366070029,0.0984460699439789,0.125398701173754
0.149934296780503,0.0670196379330436,0.0558520745928889,0.254568520758695,0.155819225291371,0.236988033352032,0.202804367321248,0.238713432210533,0.252827361213924,0.219556735793182,0.192495690408427,0.157714779632586,0.249438097143175,0.219972729156697,0.215855759723769,0.253772586098003,0.309545720756706,0.0950595476044459,0.287362091895633,0.208819943636425,0.275840521464678,0.208508965978291,0.15616803628403,1,0.220305974124304,0.262366455090483,0.262343899363209,0.319956194419257,0.4482123022896,0.216363196834655,0.234069041238602,0.0418395389060954,0.135904679896153,0.122557594800715,0.407495787353064,0.191236657229136,0.16135113845744,-0.146313779165574,0.362929219754115,0.126524447518754
0.00971762349158913,-0.0681121435614901,0.409410025443494,0.176897968977978,0.177851072632353,0.21689893384776,0.265440011635285,0.284855368516887,0.34909097502207,0.189989537075216,-0.0140675057004181,0.248032851176506,0.160618542868353,0.306103600028895,0.195259708127691,0.138812195723231,0.19409331477207,0.148978913113016,0.244812226670072,0.1402703746341,0.079617817945466,0.189385175798608,0.30334179215513,0.220305974124304,1,0.0920037514978462,0.320608839694218,0.1763898573495,0.335694994962667,0.0422456271125113,0.203078814191274,0.0331225778524334,0.0642790713962189,-0.142630607007712,0.316747778223418,0.308196885446461,0.0913890191896456,-0.010810939184665,0.356833559461729,0.351209213008281
0.127261650272222,0.267000647099542,0.225195068663993,0.183770146506993,-0.0206711696423489,0.39167684276159,0.478486060355892,0.264078090036008,0.225997127470283,0.123134938117784,0.419745182318,0.202971674827039,0.0746689936337338,0.238899007963874,0.17627070212738,0.247069761993608,0.283709067253863,-0.0520362770457331,0.250781669815218,0.446764803360616,0.0952555693294638,0.60692375238023,0.094573517390363,0.262366455090483,0.0920037514978462,1,0.375200249911727,0.385257891821759,0.215364875582313,0.252192260406825,0.0989993264097019,0.354212973642334,0.0981604685351221,0.208561750829803,0.46592164744739,0.144160659242435,0.357096922595963,0.20501796525209,0.262330417729501,0.271266482582435
0.289227510319122,0.1526852436971,0.318518580772108,0.390377638959241,0.183187208794083,0.326207394645041,0.464821051487501,0.161426648588662,0.354874119161918,0.275260139207117,0.386568433577417,0.296304238276845,0.364722271830132,0.343474820061314,0.113079810931462,0.210432703599945,0.459990956132225,0.13162402147314,0.250619852388967,0.4866251952095,0.258618356513699,0.436737624057753,0.261592450399476,0.262343899363209,0.320608839694218,0.375200249911727,1,0.465788509482401,0.290706662527581,0.202277004165801,0.013535000582978,0.328163077915173,0.0318831689352983,0.254237763568973,0.465087667001089,0.159934937291649,0.220712485858379,0.122474176401759,0.280520806459667,0.26249598371892
0.296871914304566,0.0464495374151713,0.16230637652648,0.543776284265692,0.0329786526459226,0.370109295385023,0.337838167493076,0.327475107049927,0.198449159601082,0.329687436800785,0.371344838576776,0.398341196958524,0.28162009990138,0.267988503782261,0.257631269565573,0.227967223676303,0.580741018267325,0.15426820788111,0.309861874161704,0.341705900487713,0.253005022443664,0.300233630024565,0.14806957974137,0.319956194419257,0.1763898573495,0.385257891821759,0.465788509482401,1,0.549398301792873,0.329774429934347,0.304765965510484,0.27607648641232,0.0214327319422635,0.260243054852355,0.472361529527219,0.319422862762937,0.357888441539861,0.136184423127816,0.31890295722664,0.253107688712616
0.256517000236523,0.114313299228829,0.125351713130788,0.381113971395045,0.13066402861575,0.507295970270674,0.228277805975072,0.398764724483238,0.230634028642866,0.309897761848851,0.322019713415117,0.400127775036173,0.227418947305492,0.367040333643497,0.194799657130095,0.22496073217725,0.323356736664779,0.196842846184336,0.363173385129671,0.308808494720956,0.345301430299001,0.127671718431823,0.185662661865605,0.4482123022896,0.335694994962667,0.215364875582313,0.290706662527581,0.549398301792873,1,0.363982881953118,0.247184480231101,0.227777659003595,0.20363880449464,0.270353391477463,0.411002816156958,0.393474929198163,0.352227384169538,-0.0637593808001363,0.361944057333202,0.274882506065227
0.232193142685415,0.226551584802714,0.223110751359637,0.174702667515249,0.202197992155545,0.366860399036484,0.197518721321989,0.17390246756353,0.371295951343656,0.319198238443427,0.162356133460257,0.190371819768361,0.172612508353756,0.0369099619969625,0.194020143594631,0.14302161260987,0.239139232279001,0.134519833981077,0.229247704057129,0.191340037282424,0.162265866919201,0.0578121840608416,0.103344351689273,0.216363196834655,0.0422456271125113,0.252192260406825,0.202277004165801,0.329774429934347,0.363982881953118,1,0.239269227198996,0.174159731121822,-0.0817053642945612,0.0991666032370522,0.343115531367854,0.135984907982753,0.139745313740827,-0.191888816623877,0.161095398726598,-0.13444227110789
0.188669280509339,0.0237058540925669,0.310911755250434,-0.0134041203502619,-0.0412223039661684,-0.044551455192751,-0.10871560508568,0.128869518229816,-0.00108651068809034,0.310693025519673,0.144949320766951,0.175236795674947,0.136299304246339,-0.00677319426858112,0.327749742495117,0.0301366546082009,0.205411245534579,-0.0135511623648915,0.257608596446801,-0.00447184743203791,-0.0406158336933351,0.120557894367037,0.0448908503178136,0.234069041238602,0.203078814191274,0.0989993264097019,0.013535000582978,0.304765965510484,0.247184480231101,0.239269227198996,1,-0.162892689993078,-0.249354418843838,-0.0368137437439616,0.0563046312641137,0.0506995394033052,0.103433113085362,-0.176402795898385,0.221306430015646,0.161121352767477
-0.119436366819478,0.121174112815754,0.110964850124981,0.267222179094504,0.190831634083075,0.399523132016988,0.542716538453165,0.184499330705986,0.200234088904595,-0.0659128041919537,0.505646564988875,0.176873445073571,-0.0172364343374363,0.146339651352807,0.129571162804537,0.260608227212136,0.358853208277643,0.171755864063858,0.0950668068876833,0.446862256516335,0.0342932319889469,0.144122734274507,0.0670300323286262,0.0418395389060954,0.0331225778524334,0.354212973642334,0.328163077915173,0.27607648641232,0.227777659003595,0.174159731121822,-0.162892689993078,1,-0.0772829558157941,0.0977792028390034,0.246035309364812,0.163009632797934,0.0799725522342659,0.111233873285811,0.111579545597755,0.160768931939563
-0.0470136393704767,0.103199503246644,-0.179732208706893,0.0211221598236883,-0.162243116194126,0.0701380732103134,-0.0478249874674555,-0.0235583995759509,-0.125674760904423,-0.0588151682161381,-0.0816064646494989,-0.0591756618674442,-0.160641542114217,0.129257517097384,-0.1469251459298,0.0726152773773378,-0.131860184145389,-0.252439883484566,-0.0519357711425558,-0.00231399432190282,0.228897330524576,0.214428185656963,-0.039073410439501,0.135904679896153,0.0642790713962189,0.0981604685351221,0.0318831689352983,0.0214327319422635,0.20363880449464,-0.0817053642945612,-0.249354418843838,-0.0772829558157941,1,0.119227930291026,-0.0397919207190858,-0.0101278795756021,0.0291703871927928,0.0772928677043146,-0.0302260597975298,0.175703542163989
0.120926761511251,0.067237870041199,-0.0407182411150218,0.201801625087767,0.13291797929879,0.330121498580555,0.0939202852689299,0.0647438989081221,0.0322975289233006,0.140058245934668,0.250961723872123,0.055352295432238,0.0539277243657397,0.198390510766147,-0.0818368185364304,0.131177925059254,0.0804134393065686,-0.0503001128490261,0.238418197090878,0.224975220920727,0.173205423883984,0.300022452726154,0.162702231447797,0.122557594800715,-0.142630607007712,0.208561750829803,0.254237763568973,0.260243054852355,0.270353391477463,0.0991666032370522,-0.0368137437439616,0.0977792028390034,0.119227930291026,1,0.183395706314433,-0.0118769824718764,0.146941329078397,0.0982239174404495,0.0707352805245322,0.00169844222153547
0.084620038572053,0.275021682329535,0.423941970440746,0.314799602794277,0.250008925451585,0.477721696652431,0.383411702658864,0.26557565790552,0.304733313426576,0.128507116401953,0.370626692994664,0.25433293142565,0.332546747956464,0.300659159825229,0.18760594404136,0.496978733321782,0.386647167300206,0.161286273407374,0.445340738457716,0.588191819013828,0.156230275565391,0.306390483323619,0.336505660903547,0.407495787353064,0.316747778223418,0.46592164744739,0.465087667001089,0.472361529527219,0.411002816156958,0.343115531367854,0.0563046312641137,0.246035309364812,-0.0397919207190858,0.183395706314433,1,0.44085095290981,0.361348068514217,-0.0528405965494703,0.490612815724305,0.0527825086192261
0.0648605678138122,0.038857195767304,0.300401542774652,0.304369259910633,0.0199061024081595,0.237087805516917,0.288347950658961,0.164857070444332,0.166815712707162,0.283651327792943,0.136759146445449,0.292260511653227,0.159814678854139,0.191901480176387,0.206841588452914,0.213651352533861,0.405539233795615,0.17170560365874,0.305204391610001,0.379667287389571,0.115036015090579,0.0924877268919564,0.378642416070669,0.191236657229136,0.308196885446461,0.144160659242435,0.159934937291649,0.319422862762937,0.393474929198163,0.135984907982753,0.0506995394033052,0.163009632797934,-0.0101278795756021,-0.0118769824718764,0.44085095290981,1,0.220154546835441,0.163800940003674,0.34482231470278,0.189654913312735
0.451775129981847,-0.0647567834664694,0.144991377795835,0.180159167119554,-0.106889146150783,0.291768390574707,0.179822641951995,0.208343733583251,0.308958656820632,0.208331758257418,0.254225493660151,0.311078160088698,0.172637530946524,0.145769955788259,0.31998187946352,0.190025334099265,0.0120387337590331,0.00929341022386965,0.247702423088295,0.256652347834646,0.0574511617414612,0.25607198201736,0.280551458363205,0.16135113845744,0.0913890191896456,0.357096922595963,0.220712485858379,0.357888441539861,0.352227384169538,0.139745313740827,0.103433113085362,0.0799725522342659,0.0291703871927928,0.146941329078397,0.361348068514217,0.220154546835441,1,-0.0673782141478696,0.20457791982578,0.129780877459352
-0.154400217898315,-0.0660770120171097,0.0161360094599645,0.205101796737625,0.0998042046992211,0.0570344527405892,0.272699821880698,0.126478614143335,-0.17615017019834,0.116196415685918,0.0086176185075635,0.145782144096463,-0.0452656815073066,0.148561606088954,0.129024887394803,0.0948983147517516,0.199455880413373,0.114301120703219,0.204728984937661,0.137234339239672,0.100115281426926,0.147581583307112,0.0967761366070029,-0.146313779165574,-0.010810939184665,0.20501796525209,0.122474176401759,0.136184423127816,-0.0637593808001363,-0.191888816623877,-0.176402795898385,0.111233873285811,0.0772928677043146,0.0982239174404495,-0.0528405965494703,0.163800940003674,-0.0673782141478696,1,-0.101658025509425,0.149827715351706
0.125604987435913,0.14115328037714,0.380140654454036,0.251656779000714,0.12987820501169,0.265896739675769,0.212117331015833,0.167573632694372,0.165164151494684,0.216272938788151,0.341348872556411,0.286678183065851,0.269801009468092,0.385348266811589,0.306496426541314,0.338939367727889,0.362975035336512,0.201160573104141,0.241711753192629,0.294751527437981,0.261092897242182,0.143704590765942,0.0984460699439789,0.362929219754115,0.356833559461729,0.262330417729501,0.280520806459667,0.31890295722664,0.361944057333202,0.161095398726598,0.221306430015646,0.111579545597755,-0.0302260597975298,0.0707352805245322,0.490612815724305,0.34482231470278,0.20457791982578,-0.101658025509425,1,0.209174335662546
0.244984489087115,-0.0722656237655794,0.272809127583271,0.155739405584429,-0.129453701736939,-0.0497024356555672,0.335380311182331,0.227614736205119,0.270749489705878,0.236166214628836,0.116044265782034,0.411157839335708,0.256116125219823,0.168803114090265,0.262412696098605,-0.088119650153719,0.370359023121447,0.125354120399291,0.0741442332110936,0.0546633207850402,0.0164771324069546,0.343491050267508,0.125398701173754,0.126524447518754,0.351209213008281,0.271266482582435,0.26249598371892,0.253107688712616,0.274882506065227,-0.13444227110789,0.161121352767477,0.160768931939563,0.175703542163989,0.00169844222153547,0.0527825086192261,0.189654913312735,0.129780877459352,0.149827715351706,0.209174335662546,1
