1,-0.11403554647478,-0.0989718562416687,0.0964610966020119,-0.252926816171145,-0.106451620899539,-0.0467944580258523,-0.0100150393081337,0.23414440431011,0.0729704872456079,-0.0273693501310113,0.133123483965189,0.0750154554821993,-0.0225789771979182,-0.0542820024738254,-0.181078607941844,-0.0299542891702039,0.0642601901614173,-0.000521938768240994,-0.195585434132453,0.154275493020152,0.0307490822570865,-0.15945275446752,0.0488801249335106,-0.120714006467035,0.0223593958075579,0.191877780789605,0.176216706931458,0.111366967803776,0.138767994138993,0.102172708530896,-0.221643786361664,-0.0720563078760659,0.0463291650405436,-0.0891384028926016,-0.103695055357946,0.377400230886604,-0.232855213127205,-0.0430817568939023,0.14341706905044
-0.11403554647478,1,0.215175859023846,-0.0602530224943702,0.124341348838744,0.23227896377893,-0.0521566574855315,-0.0703760256404903,-0.170447275392432,-0.00549754981569198,0.211665212159734,0.064201415943296,0.0921485437345435,-0.0131152294099929,-0.010589914009011,0.10620205784015,-0.0278189599457204,-0.264616410692812,-0.287672858519432,0.218306498866491,-0.0293604338116772,0.019403844427602,0.0914472404116997,0.0384246201176179,-0.08763673084443,0.263961271801165,0.122230229070977,-0.0394738218282557,0.0208327946023078,0.249060814163278,0.00592777314188061,0.135852379375398,0.178014687936913,0.0732161089231431,0.16781630980614,-0.0384651039454238,-0.0756721525832545,-0.0246829453248696,0.153931550336778,-0.0387515679736838
-0.0989718562416687,0.215175859023846,1,-0.0926594872652771,0.146239232807268,0.000841397551058086,0.186952688169081,0.0489505591314316,0.14294921624139,0.256930831996458,-0.042241951190732,0.180756222237814,0.00360651407890151,-0.163580530407915,0.328946738541418,0.0598089920454143,0.160335298473555,-0.255295558780451,-0.0638686250271476,0.166989023611937,-0.270864145695294,0.171919752145769,0.293521879058117,-0.0573654568815578,0.332640061404122,0.133664992448975,0.224452768203585,0.0100974345135608,-0.0574428496681637,0.13314457356462,0.237416997095879,0.0319027006264661,-0.199629516916177,-0.126744398223698,0.309326872742473,0.174135733488238,0.0289532086659498,-0.0468088351227541,0.270410833525096,0.179649611321674
0.0964610966020119,-0.0602530224943702,-0.0926594872652771,1,0.0198245124910585,0.28182697284344,0.45320017913927,0.280587351774616,0.246529313658761,0.144741729364319,0.0790599249542069,0.13861442454287,0.134704526941079,0.283037229514395,-0.133787441996831,0.0618772242966664,0.171298622418,0.139073108195762,-0.0371901659783464,0.290598439660568,0.241868730394864,0.0154040935289879,0.029789936211515,0.11912637869832,0.00717836493151844,0.0256858793989289,0.259183637802448,0.426102577939739,0.198407751457833,0.00801687315695417,-0.180953577036325,0.154851848997403,-0.0386155676897015,0.0935599314677529,0.129275727959187,0.118456136993489,0.000838810327778776,0.11103776247021,0.0106785595501041,-0.0331908402668338
-0.252926816171145,0.124341348838744,0.146239232807268,0.0198245124910585,1,0.138661003113488,0.0667022939834217,-0.083393673231193,-0.0677535472067007,-0.0354533005525679,0.0665768360261525,-0.0131041345628825,0.110402732961852,0.0867585871689019,0.160592964989269,0.0112213871481044,0.0912591800961065,0.247857442265935,0.0551949749439797,0.161117857133954,0.0248157207739899,-0.195485877024235,0.0921307395037918,0.0726512493072572,0.0919630904264271,-0.113483021193155,0.0907537474907643,-0.121340886235365,-0.0273128542245326,0.137260671844448,-0.130477899696729,0.138855756385234,-0.156988614990148,0.0792781990318916,0.114133819267392,-0.137049142361084,-0.226553478839525,0.062561868489329,0.00664941031925166,-0.231760686056753
-0.106451620899539,0.23227896377893,0.000841397551058086,0.28182697284344,0.138661003113488,1,0.350260015207511,0.235670860632554,0.0925198519494814,0.00470441283182179,0.227180397638611,-0.000929157151736294,-0.188118102431871,0.172055108460661,-0.0585386793200225,0.296044562105481,-0.0345248129727868,-0.0443825159417187,0.0480890517711953,0.431600311854175,0.0168017741167137,-0.0238939788352896,0.0892447476392036,0.133391407078168,0.0991842089373778,0.307318099183051,0.219961338164136,0.244609080752791,0.400814225657073,0.277313280907063,-0.171526434683056,0.33558536142702,0.0459818798057309,0.266320217953422,0.363811089944148,0.0813468218344893,0.18063920130739,-0.0164437743381044,0.105133505480302,-0.205090469233122
-0.0467944580258523,-0.0521566574855315,0.186952688169081,0.45320017913927,0.0667022939834217,0.350260015207511,1,0.280380123719304,0.282078324691658,0.0827163623498911,0.0879162988609175,0.164462401544508,0.0333148084238509,0.287986618519253,-0.0468330982030118,0.0773855755204995,0.119789631227604,0.138419575437264,0.0272288004805308,0.305669361136257,-0.0220805080384435,0.289695128432171,-0.00270367083617546,0.0744710426026214,0.132127030788899,0.388027092680375,0.363296678919623,0.18445247673992,0.0229246013450872,0.0582100413873964,-0.270175031326462,0.480949437271018,-0.0969781887458292,-0.0134795612317138,0.231376745700395,0.118923986031814,0.023392767319536,0.200070235857089,-0.00468692776576578,0.202707670449923
-0.0100150393081337,-0.0703760256404903,0.0489505591314316,0.280587351774616,-0.083393673231193,0.235670860632554,0.280380123719304,1,0.315724997408982,0.182860050823489,-0.0641727705864858,0.291599868922166,0.112286386207229,0.182057305555703,0.14539531946542,0.0278333621906465,-0.0233610266809005,0.030806284926647,0.0433428050412821,0.147458864052865,-0.125718537270993,0.0524126361581947,0.0988589068298906,0.127969229059682,0.170686915861476,0.158738578409054,0.0193076616204369,0.176662159084341,0.246063314788477,0.0588319090694313,0.0165362262691536,0.0975624929413388,-0.0432304829833872,-0.0283546785524455,0.0837034190328329,-0.0238534911942085,0.0775738459215225,0.0601915888787255,-0.0251541943628892,0.108275192243116
0.23414440431011,-0.170447275392432,0.14294921624139,0.246529313658761,-0.0677535472067007,0.0925198519494814,0.282078324691658,0.315724997408982,1,0.0842170669636974,0.0560482476601266,0.282103153570789,0.139087826893287,0.144363698068795,0.0284116488648227,0.140907054817813,0.10660465205856,-0.00255440899128101,-0.0170451506280781,0.227093386204576,0.0264409344519938,0.125167038549458,0.220429259492186,0.173330387398316,0.275027938211322,0.146405406691536,0.276975428380863,0.0680344451253492,0.0895748045971069,0.308544577240836,-0.0956850043044495,0.138632825488027,-0.135974585329443,-0.0372809659949108,0.179588518597883,0.0299148246863915,0.228170880258649,-0.239381443691254,0.0299993783227451,0.191442255380806
0.0729704872456079,-0.00549754981569198,0.256930831996458,0.144741729364319,-0.0354533005525679,0.00470441283182179,0.0827163623498911,0.182860050823489,0.0842170669636974,1,-0.0726746568063834,0.304878765959745,0.134366788426205,-0.0556999654276393,0.220660881427686,-0.198903627547208,-0.020153201260834,0.0407098162024668,-0.121473224221996,-0.0840009851473967,-0.143543966968003,-0.040549590143326,0.110896802128195,0.104706747084863,0.0607923234014367,0.000256102053420127,0.150861515012029,0.171256503686654,0.124409022151783,0.229078169212016,0.221837014149469,-0.175866617815776,-0.0685156794901722,0.057935789903756,-0.0965190976768289,0.115190355546181,0.0789158378804243,0.0552023156340319,0.0398675252268195,0.124802570805739
-0.0273693501310113,0.211665212159734,-0.042241951190732,0.0790599249542069,0.0665768360261525,0.227180397638611,0.0879162988609175,-0.0641727705864858,0.0560482476601266,-0.0726746568063834,1,0.0740167743778142,-0.110166364607009,0.174087220894399,0.0430778275152675,0.130994628301575,0.206671930341377,0.0256653981929349,-0.181024712158709,0.348362635028852,0.220109947744373,0.154094967206114,0.0542338049513084,0.0871592666360418,-0.157814991391727,0.346901935832531,0.293718849179002,0.243115256665316,0.165846854726778,0.0621304519806249,0.0466106162088544,0.460651926566632,-0.0934672685486733,0.186774469234435,0.225156827708637,-0.0398572227392188,0.145857507441549,-0.0556668320281635,0.213844058217761,-6.99188648944979e-05
0.133123483965189,0.064201415943296,0.180756222237814,0.13861442454287,-0.0131041345628825,-0.000929157151736294,0.164462401544508,0.291599868922166,0.282103153570789,0.304878765959745,0.0740167743778142,1,0.229151446797064,0.128245719124023,0.0184813872915285,-0.0883343093736928,0.210295337958422,-0.0361551661925441,-0.103563012272531,0.162731373821603,-0.12484926200253,0.0486125264081441,0.0845986842202112,0.034405178429658,0.127560432819636,0.0892315097592375,0.176096141355297,0.260021413763283,0.244242114710057,0.0788693938601526,0.068587965704797,0.0900977483337414,-0.0771786097738709,-0.0382204655570589,0.0655023216645442,0.129863853712317,0.197233018726958,0.0828514003569852,0.123923319710152,0.319871935753943
0.0750154554821993,0.0921485437345435,0.00360651407890151,0.134704526941079,0.110402732961852,-0.188118102431871,0.0333148084238509,0.112286386207229,0.139087826893287,0.134366788426205,-0.110166364607009,0.229151446797064,1,-0.0284705038750276,0.201316309482783,-0.149363939509843,0.137880780616846,-0.0064935780711097,-0.00219082373876612,-0.102476337414167,-0.0541660558677788,0.0708623623514062,0.158487315143024,0.112849030566692,-0.00608131321949756,-0.0869197783228299,0.228383679519032,0.0681604676213722,-0.0352888800713219,0.0374808974356313,-0.00166055123026326,-0.148288676538508,-0.183096038296062,-0.0593922851123329,0.10531477777412,-0.0872167454377616,0.00398291723417973,-0.139828052750344,0.0615281951790261,0.122060889097021
-0.0225789771979182,-0.0131152294099929,-0.163580530407915,0.283037229514395,0.0867585871689019,0.172055108460661,0.287986618519253,0.182057305555703,0.144363698068795,-0.0556999654276393,0.174087220894399,0.128245719124023,-0.0284705038750276,1,-0.183277798386351,0.074990325101348,0.0200632395637042,0.167517493952964,0.175752986389826,0.415538722936111,0.197283582356846,0.217987836178605,-0.0278675514082816,0.084568948838253,0.170691958580301,0.101867049479862,0.209622009929788,0.0807560935048805,0.181820367634158,-0.137094364224,-0.165267943179428,0.0278172133808115,0.0942444061703906,0.0987466743455312,0.108762547346768,-0.0199925729212871,-0.0291831383862834,0.0597993272875074,0.201132525324813,-4.33203417823128e-05
-0.0542820024738254,-0.010589914009011,0.328946738541418,-0.133787441996831,0.160592964989269,-0.0585386793200225,-0.0468330982030118,0.14539531946542,0.0284116488648227,0.220660881427686,0.0430778275152675,0.0184813872915285,0.201316309482783,-0.183277798386351,1,-0.0324825860340267,0.22082474659578,-0.0417631621283436,-0.0616764019619082,-0.0533780677763376,-0.257899700757137,0.0723950210423677,0.161587366090369,0.1099546167815,0.0778874583551186,0.0708751466931738,-0.0255837780807927,0.0984763217111316,-0.00214478369779926,0.0971184677744654,0.247891432670499,0.0486834483604863,-0.156693786302854,-0.177849279513293,-0.00684761819139355,0.037011231184675,0.218668609897257,0.0744928698117809,0.167952453913497,0.164689287777831
-0.181078607941844,0.10620205784015,0.0598089920454143,0.0618772242966664,0.0112213871481044,0.296044562105481,0.0773855755204995,0.0278333621906465,0.140907054817813,-0.198903627547208,0.130994628301575,-0.0883343093736928,-0.149363939509843,0.074990325101348,-0.0324825860340267,1,-0.0317879871979514,-0.066513926620781,0.193959448703251,0.285528947229175,0.244602692416437,-0.0270407304167315,-0.00519171438372354,0.146724366381008,0.00378210438154113,0.141757930115572,0.078615286975595,0.0565672471977704,0.0279910757237915,0.0274333530813866,-0.0929942704120122,0.184434026449218,0.0606630322180832,0.0474151268321248,0.367364204286565,0.0376326176695387,0.0589501966566643,0.0285536053461074,0.192674697876654,-0.24811667383573
-0.0299542891702039,-0.0278189599457204,0.160335298473555,0.171298622418,0.0912591800961065,-0.0345248129727868,0.119789631227604,-0.0233610266809005,0.10660465205856,-0.020153201260834,0.206671930341377,0.210295337958422,0.137880780616846,0.0200632395637042,0.22082474659578,-0.0317879871979514,1,0.12451878094214,0.0225041888920283,0.227652421504427,0.0413345132446524,0.0755341502978966,0.00376466302810457,0.162038287521039,-0.00491566785223984,0.119517072471773,0.323436222100365,0.448729118294532,0.0756526235371294,0.0568479672131263,0.0509605475046645,0.248495019462836,-0.21985426646066,-0.0694457234866122,0.18136889463903,0.211377906592215,-0.246436933633143,0.0919081609906498,0.110716986130922,0.197181688200935
0.0642601901614173,-0.264616410692812,-0.255295558780451,0.139073108195762,0.247857442265935,-0.0443825159417187,0.138419575437264,0.030806284926647,-0.00255440899128101,0.0407098162024668,0.0256653981929349,-0.0361551661925441,-0.0064935780711097,0.167517493952964,-0.0417631621283436,-0.066513926620781,0.12451878094214,1,0.0317733567420181,-0.0861912098803931,-0.00841401411613863,-0.214935995216196,-0.136723235081022,-0.0467599300803762,0.0028181377115883,-0.21343271011919,-0.0271340970856151,-0.0512686801580607,-0.0281509247591405,0.00673647210997349,-0.154630830625775,0.0782933038476942,-0.28446315462695,-0.163364934512094,-0.0636677493777326,-0.0320661310239208,-0.166487037987755,0.0438541511941943,0.00255824824039816,-0.0171042222247746
-0.000521938768240994,-0.287672858519432,-0.0638686250271476,-0.0371901659783464,0.0551949749439797,0.0480890517711953,0.0272288004805308,0.0433428050412821,-0.0170451506280781,-0.121473224221996,-0.181024712158709,-0.103563012272531,-0.00219082373876612,0.175752986389826,-0.0616764019619082,0.193959448703251,0.0225041888920283,0.0317733567420181,1,0.116752669689918,0.00363233162271201,0.0601303056554519,-0.0145129294110175,0.0654609613356949,-0.0351608595440236,0.00350404723233781,-0.0435748670504032,-0.0469778559448703,-0.0253857357835157,-0.030581531347395,0.0535822028787371,-0.15040944815042,-0.156181084717005,0.0830968097199761,0.139225013143762,-0.06455454041492,-0.0472167053999076,0.0757799806770944,-0.216397455396356,-0.300487128300386
-0.195585434132453,0.218306498866491,0.166989023611937,0.290598439660568,0.161117857133954,0.431600311854175,0.305669361136257,0.147458864052865,0.227093386204576,-0.0840009851473967,0.348362635028852,0.162731373821603,-0.102476337414167,0.415538722936111,-0.0533780677763376,0.285528947229175,0.227652421504427,-0.0861912098803931,0.116752669689918,1,-0.0914271226453561,0.154867478816174,0.209173442378116,0.0753623919880613,-0.0229448250395815,0.346409010880793,0.3842661531315,0.181892649011038,0.116911232420997,0.043356983586148,-0.157900829118784,0.369481887540657,-0.0527148456106101,0.129314930880844,0.481434686156472,0.225130052266855,0.106748214521498,0.0456243308089629,0.0882416042405932,-0.132941587585402
0.154275493020152,-0.0293604338116772,-0.270864145695294,0.241868730394864,0.0248157207739899,0.0168017741167137,-0.0220805080384435,-0.125718537270993,0.0264409344519938,-0.143543966968003,0.220109947744373,-0.12484926200253,-0.0541660558677788,0.197283582356846,-0.257899700757137,0.244602692416437,0.0413345132446524,-0.00841401411613863,0.00363233162271201,-0.0914271226453561,1,0.0731342782048334,-0.198367167483892,0.175600998743698,-0.0559784289586234,-0.0206717619649021,0.139890758064677,0.08665074627985,0.178032958299713,0.0632075934240957,-0.164728040097928,-0.0546341347990157,0.237441330234428,0.101495732490587,-0.0534557184852311,-0.0798298174958078,-0.0841595009901584,0.0457905801349681,0.111807374953487,-0.110956294691096
0.0307490822570865,0.019403844427602,0.171919752145769,0.0154040935289879,-0.195485877024235,-0.0238939788352896,0.289695128432171,0.0524126361581947,0.125167038549458,-0.040549590143326,0.154094967206114,0.0486125264081441,0.0708623623514062,0.217987836178605,0.0723950210423677,-0.0270407304167315,0.0755341502978966,-0.214935995216196,0.0601303056554519,0.154867478816174,0.0731342782048334,1,0.0521986629760543,0.11677358471555,0.0871075543719204,0.562770199278433,0.362500425665097,0.177744972654946,-0.0499266902117533,-0.0445859529501158,0.0301106487434993,0.0717064417440716,0.207017099254605,0.245116208324348,0.170863142418374,-0.0708930477110539,0.159758227955455,0.0964678776759462,-0.010496035705447,0.26363591306467
-0.15945275446752,0.0914472404116997,0.293521879058117,0.029789936211515,0.0921307395037918,0.0892447476392036,-0.00270367083617546,0.0988589068298906,0.220429259492186,0.110896802128195,0.0542338049513084,0.0845986842202112,0.158487315143024,-0.0278675514082816,0.161587366090369,-0.00519171438372354,0.00376466302810457,-0.136723235081022,-0.0145129294110175,0.209173442378116,-0.198367167483892,0.0521986629760543,1,0.0215491440597312,0.182879781268748,-0.0347595266239264,0.122306351788661,-0.0786252834288232,-0.0662187871045574,-0.0098108703453211,-0.085405660417903,-0.024826503641618,-0.0241757819024166,0.0833422185947884,0.118428519012528,0.204105327114672,0.156301280892227,0.0430829453240096,-0.110296988876481,0.00466629741838209
0.0488801249335106,0.0384246201176179,-0.0573654568815578,0.11912637869832,0.0726512493072572,0.133391407078168,0.0744710426026214,0.127969229059682,0.173330387398316,0.104706747084863,0.0871592666360418,0.034405178429658,0.112849030566692,0.084568948838253,0.1099546167815,0.146724366381008,0.162038287521039,-0.0467599300803762,0.0654609613356949,0.0753623919880613,0.175600998743698,0.11677358471555,0.0215491440597312,1,0.105717509107697,0.163187423202785,0.148439425198358,0.186654835772358,0.329595909538008,0.1110669956104,0.143086524669021,-0.0560365572664849,0.11562574660153,0.0401905731500954,0.28060400385467,0.0287803470269597,0.0329572620651459,-0.233298275805388,0.229218854420168,-0.00168926322267307
-0.120714006467035,-0.08763673084443,0.332640061404122,0.00717836493151844,0.0919630904264271,0.0991842089373778,0.132127030788899,0.170686915861476,0.275027938211322,0.0607923234014367,-0.157814991391727,0.127560432819636,-0.00608131321949756,0.170691958580301,0.0778874583551186,0.00378210438154113,-0.00491566785223984,0.0028181377115883,-0.0351608595440236,-0.0229448250395815,-0.0559784289586234,0.0871075543719204,0.182879781268748,0.105717509107697,1,-0.0399763477295382,0.204160531139215,-0.00846826182850947,0.165592860036644,-0.0930530665243122,0.0992916464584557,-0.0727172507817781,0.0466341161026116,-0.260231629721048,0.146347664820651,0.151109523439879,-0.0608524057238982,-0.0913511311058741,0.207907139339852,0.24721000075629
0.0223593958075579,0.263961271801165,0.133664992448975,0.0256858793989289,-0.113483021193155,0.307318099183051,0.388027092680375,0.158738578409054,0.146405406691536,0.000256102053420127,0.346901935832531,0.0892315097592375,-0.0869197783228299,0.101867049479862,0.0708751466931738,0.141757930115572,0.119517072471773,-0.21343271011919,0.00350404723233781,0.346409010880793,-0.0206717619649021,0.562770199278433,-0.0347595266239264,0.163187423202785,-0.0399763477295382,1,0.277622337371719,0.254424768208162,0.0262807552889352,0.161103016998194,-0.00724262041229013,0.294317716108558,0.0940809952400403,0.139357303822515,0.333970045218438,-0.0368508178486006,0.261471995990103,0.15486312183324,0.113154348976645,0.173445964640175
0.191877780789605,0.122230229070977,0.224452768203585,0.259183637802448,0.0907537474907643,0.219961338164136,0.363296678919623,0.0193076616204369,0.276975428380863,0.150861515012029,0.293718849179002,0.176096141355297,0.228383679519032,0.209622009929788,-0.0255837780807927,0.078615286975595,0.323436222100365,-0.0271340970856151,-0.0435748670504032,0.3842661531315,0.139890758064677,0.362500425665097,0.122306351788661,0.148439425198358,0.204160531139215,0.277622337371719,1,0.341020046521879,0.102044628605706,0.0784746181345968,-0.123107361214437,0.249504701426354,0.00468158615594234,0.174898836308966,0.32651719300743,-0.039012532207652,0.0814465699898371,0.0465601871187096,0.0988090251599837,0.134647500791401
0.176216706931458,-0.0394738218282557,0.0100974345135608,0.426102577939739,-0.121340886235365,0.244609080752791,0.18445247673992,0.176662159084341,0.0680344451253492,0.171256503686654,0.243115256665316,0.260021413763283,0.0681604676213722,0.0807560935048805,0.0984763217111316,0.0565672471977704,0.448729118294532,-0.0512686801580607,-0.0469778559448703,0.181892649011038,0.08665074627985,0.177744972654946,-0.0786252834288232,0.186654835772358,-0.00846826182850947,0.254424768208162,0.341020046521879,1,0.40355409514196,0.178622018847225,0.182470660969986,0.156844580643048,-0.0434325602844883,0.153306062320886,0.315214948239591,0.120217208279986,0.20288805362834,0.0253105174952204,0.0759710671647199,0.0674230394180186
0.111366967803776,0.0208327946023078,-0.0574428496681637,0.198407751457833,-0.0273128542245326,0.400814225657073,0.0229246013450872,0.246063314788477,0.0895748045971069,0.124409022151783,0.165846854726778,0.244242114710057,-0.0352888800713219,0.181820367634158,-0.00214478369779926,0.0279910757237915,0.0756526235371294,-0.0281509247591405,-0.0253857357835157,0.116911232420997,0.178032958299713,-0.0499266902117533,-0.0662187871045574,0.329595909538008,0.165592860036644,0.0262807552889352,0.102044628605706,0.40355409514196,1,0.200841075683345,0.0961196329277686,0.0834768317791956,0.154170656646778,0.152616100538811,0.209630345787821,0.188803084116427,0.174289606829508,-0.227535029341795,0.0953678411995283,0.0676853858197187
0.138767994138993,0.249060814163278,0.13314457356462,0.00801687315695417,0.137260671844448,0.277313280907063,0.0582100413873964,0.0588319090694313,0.308544577240836,0.229078169212016,0.0621304519806249,0.0788693938601526,0.0374808974356313,-0.137094364224,0.0971184677744654,0.0274333530813866,0.0568479672131263,0.00673647210997349,-0.030581531347395,0.043356983586148,0.0632075934240957,-0.0445859529501158,-0.0098108703453211,0.1110669956104,-0.0930530665243122,0.161103016998194,0.0784746181345968,0.178622018847225,0.200841075683345,1,0.150344540373736,0.104263364496723,-0.0742381994932225,0.0254354813200508,0.170182324146018,-0.0519616999514844,0.0163231765957738,-0.258867625098298,-0.00106281697304253,-0.269578281242015
0.102172708530896,0.00592777314188061,0.237416997095879,-0.180953577036325,-0.130477899696729,-0.171526434683056,-0.270175031326462,0.0165362262691536,-0.0956850043044495,0.221837014149469,0.0466106162088544,0.068587965704797,-0.00166055123026326,-0.165267943179428,0.247891432670499,-0.0929942704120122,0.0509605475046645,-0.154630830625775,0.0535822028787371,-0.157900829118784,-0.164728040097928,0.0301106487434993,-0.085405660417903,0.143086524669021,0.0992916464584557,-0.00724262041229013,-0.123107361214437,0.182470660969986,0.0961196329277686,0.150344540373736,1,-0.265981072766263,-0.273153688483185,-0.122584985817684,-0.128386044045781,-0.123119336072422,-0.0179282951961085,-0.252576887698004,0.0768676868738322,0.0539327329516838
-0.221643786361664,0.135852379375398,0.0319027006264661,0.154851848997403,0.138855756385234,0.33558536142702,0.480949437271018,0.0975624929413388,0.138632825488027,-0.175866617815776,0.460651926566632,0.0900977483337414,-0.148288676538508,0.0278172133808115,0.0486834483604863,0.184434026449218,0.248495019462836,0.0782933038476942,-0.15040944815042,0.369481887540657,-0.0546341347990157,0.0717064417440716,-0.024826503641618,-0.0560365572664849,-0.0727172507817781,0.294317716108558,0.249504701426354,0.156844580643048,0.0834768317791956,0.104263364496723,-0.265981072766263,1,-0.0713982071937335,0.0399222799232891,0.102961319573912,0.0253678640761607,-0.0218490388187329,0.0732997900824052,-0.0204570158129587,0.0833296698322083
-0.0720563078760659,0.178014687936913,-0.199629516916177,-0.0386155676897015,-0.156988614990148,0.0459818798057309,-0.0969781887458292,-0.0432304829833872,-0.135974585329443,-0.0685156794901722,-0.0934672685486733,-0.0771786097738709,-0.183096038296062,0.0942444061703906,-0.156693786302854,0.0606630322180832,-0.21985426646066,-0.28446315462695,-0.156181084717005,-0.0527148456106101,0.237441330234428,0.207017099254605,-0.0241757819024166,0.11562574660153,0.0466341161026116,0.0940809952400403,0.00468158615594234,-0.0434325602844883,0.154170656646778,-0.0742381994932225,-0.273153688483185,-0.0713982071937335,1,0.119652933840461,-0.134343787456826,-0.073131149231673,0.0151712635164334,0.0951482888351453,-0.0456676563462786,0.193846307469632
0.0463291650405436,0.0732161089231431,-0.126744398223698,0.0935599314677529,0.0792781990318916,0.266320217953422,-0.0134795612317138,-0.0283546785524455,-0.0372809659949108,0.057935789903756,0.186774469234435,-0.0382204655570589,-0.0593922851123329,0.0987466743455312,-0.177849279513293,0.0474151268321248,-0.0694457234866122,-0.163364934512094,0.0830968097199761,0.129314930880844,0.101495732490587,0.245116208324348,0.0833422185947884,0.0401905731500954,-0.260231629721048,0.139357303822515,0.174898836308966,0.153306062320886,0.152616100538811,0.0254354813200508,-0.122584985817684,0.0399222799232891,0.119652933840461,1,0.0480220851998698,-0.165458497374222,0.0598049523316767,0.0593151170951455,-0.0607881529179263,-0.0882050333769388
-0.0891384028926016,0.16781630980614,0.309326872742473,0.129275727959187,0.114133819267392,0.363811089944148,0.231376745700395,0.0837034190328329,0.179588518597883,-0.0965190976768289,0.225156827708637,0.0655023216645442,0.10531477777412,0.108762547346768,-0.00684761819139355,0.367364204286565,0.18136889463903,-0.0636677493777326,0.139225013143762,0.481434686156472,-0.0534557184852311,0.170863142418374,0.118428519012528,0.28060400385467,0.146347664820651,0.333970045218438,0.32651719300743,0.315214948239591,0.209630345787821,0.170182324146018,-0.128386044045781,0.102961319573912,-0.134343787456826,0.0480220851998698,1,0.266319413734119,0.188059857302968,-0.212379259997965,0.270401873196568,-0.204082284348733
-0.103695055357946,-0.0384651039454238,0.174135733488238,0.118456136993489,-0.137049142361084,0.0813468218344893,0.118923986031814,-0.0238534911942085,0.0299148246863915,0.115190355546181,-0.0398572227392188,0.129863853712317,-0.0872167454377616,-0.0199925729212871,0.037011231184675,0.0376326176695387,0.211377906592215,-0.0320661310239208,-0.06455454041492,0.225130052266855,-0.0798298174958078,-0.0708930477110539,0.204105327114672,0.0287803470269597,0.151109523439879,-0.0368508178486006,-0.039012532207652,0.120217208279986,0.188803084116427,-0.0519616999514844,-0.123119336072422,0.0253678640761607,-0.073131149231673,-0.165458497374222,0.266319413734119,1,0.0323094074806686,0.0594007139679622,0.109311949373839,-0.00786799026090335
0.377400230886604,-0.0756721525832545,0.0289532086659498,0.000838810327778776,-0.226553478839525,0.18063920130739,0.023392767319536,0.0775738459215225,0.228170880258649,0.0789158378804243,0.145857507441549,0.197233018726958,0.00398291723417973,-0.0291831383862834,0.218668609897257,0.0589501966566643,-0.246436933633143,-0.166487037987755,-0.0472167053999076,0.106748214521498,-0.0841595009901584,0.159758227955455,0.156301280892227,0.0329572620651459,-0.0608524057238982,0.261471995990103,0.0814465699898371,0.20288805362834,0.174289606829508,0.0163231765957738,-0.0179282951961085,-0.0218490388187329,0.0151712635164334,0.0598049523316767,0.188059857302968,0.0323094074806686,1,-0.15303660081104,0.0124559087422472,-0.00789156126236097
-0.232855213127205,-0.0246829453248696,-0.0468088351227541,0.11103776247021,0.062561868489329,-0.0164437743381044,0.200070235857089,0.0601915888787255,-0.239381443691254,0.0552023156340319,-0.0556668320281635,0.0828514003569852,-0.139828052750344,0.0597993272875074,0.0744928698117809,0.0285536053461074,0.0919081609906498,0.0438541511941943,0.0757799806770944,0.0456243308089629,0.0457905801349681,0.0964678776759462,0.0430829453240096,-0.233298275805388,-0.0913511311058741,0.15486312183324,0.0465601871187096,0.0253105174952204,-0.227535029341795,-0.258867625098298,-0.252576887698004,0.0732997900824052,0.0951482888351453,0.0593151170951455,-0.212379259997965,0.0594007139679622,-0.15303660081104,1,-0.225931019947211,0.101954912840848
-0.0430817568939023,0.153931550336778,0.270410833525096,0.0106785595501041,0.00664941031925166,0.105133505480302,-0.00468692776576578,-0.0251541943628892,0.0299993783227451,0.0398675252268195,0.213844058217761,0.123923319710152,0.0615281951790261,0.201132525324813,0.167952453913497,0.192674697876654,0.110716986130922,0.00255824824039816,-0.216397455396356,0.0882416042405932,0.111807374953487,-0.010496035705447,-0.110296988876481,0.229218854420168,0.207907139339852,0.113154348976645,0.0988090251599837,0.0759710671647199,0.0953678411995283,-0.00106281697304253,0.0768676868738322,-0.0204570158129587,-0.0456676563462786,-0.0607881529179263,0.270401873196568,0.109311949373839,0.0124559087422472,-0.225931019947211,1,0.040624824120706
0.14341706905044,-0.0387515679736838,0.179649611321674,-0.0331908402668338,-0.231760686056753,-0.205090469233122,0.202707670449923,0.108275192243116,0.191442255380806,0.124802570805739,-6.99188648944979e-05,0.319871935753943,0.122060889097021,-4.33203417823128e-05,0.164689287777831,-0.24811667383573,0.197181688200935,-0.0171042222247746,-0.300487128300386,-0.132941587585402,-0.110956294691096,0.26363591306467,0.00466629741838209,-0.00168926322267307,0.24721000075629,0.173445964640175,0.134647500791401,0.0674230394180186,0.0676853858197187,-0.269578281242015,0.0539327329516838,0.0833296698322083,0.193846307469632,-0.0882050333769388,-0.204082284348733,-0.00786799026090335,-0.00789156126236097,0.101954912840848,0.040624824120706,1
